title,text,source,label,category,clean_text,input_hash
BOMBSHELL: Electric Vehicles Programmed with Secret Remote Overrides to Lock Drivers Inside!,"Terrifying news for all vehicle owners! Whistleblower code audits have exposed that global automakers installed secret military backdoors into every electric car computer! With a single remote keystroke from foreign headquarters, rogue operators can override the steering wheel, lock all door latches, and remotely steer vehicles off bridges into rivers! Don't buy their green trap! Share this vital alert before government censors pull the plug!",MotoristTruthAlert / Disinformation Wire,0,technology_hoax,"terrifying news for all vehicle owners! whistleblower code audits have exposed that global automakers installed secret military backdoors into every electric car computer! with a single remote keystroke from foreign headquarters, rogue operators can override the steering wheel, lock all door latches, and remotely steer vehicles off bridges into rivers! don't buy their green trap! share this vital alert before government censors pull the plug!",46d33dde63bd3bccda9077c2f8ea4e209cd641b1056c74d5a8d816a2052792d3
PROOF: Rubbing Sliced Lemons on Your Car Engine Cuts Gasoline Consumption by 95%!,Greedy oil cartels are losing their minds over this viral DIY secret! Mechanics are astounded after independent testing confirmed that placing three fresh lemon slices over the engine intake manifold supercharges atmospheric ionization and gives you 400 miles per gallon on normal fuel! Oil lobbyists are suing to ban citrus exports to protect their billions! Watch this quick instructional video before it gets deleted!,FuelHackMiracle / Viral Clickbait,0,scam,greedy oil cartels are losing their minds over this viral diy secret! mechanics are astounded after independent testing confirmed that placing three fresh lemon slices over the engine intake manifold supercharges atmospheric ionization and gives you 400 miles per gallon on normal fuel! oil lobbyists are suing to ban citrus exports to protect their billions! watch this quick instructional video before it gets deleted!,0a7e7ae5ce2744cf915fa8d92f540864c6e06bfe05bb6c84df77fb16b8af6b95
MASSIVE FRAUD UNCOVERED: Millions of Pre-Printed Fake Ballots Found in Abandoned Warehouse!,BREAKING EXPLOSIVE REPORT! Patriotic citizens raided an unmarked shipping warehouse and discovered pallets loaded with millions of pre-marked counterfeit ballots imported from overseas! Election officials caught on hidden camera admitted they were instructed to swap the legitimate ballots under cover of darkness! Local police refused to intervene because the mayor is in on the conspiracy! This is absolute treason and the biggest election theft in world history!,ElectionAlertWire / Hyperpartisan Blog,0,politics_fake,breaking explosive report! patriotic citizens raided an unmarked shipping warehouse and discovered pallets loaded with millions of pre-marked counterfeit ballots imported from overseas! election officials caught on hidden camera admitted they were instructed to swap the legitimate ballots under cover of darkness! local police refused to intervene because the mayor is in on the conspiracy! this is absolute treason and the biggest election theft in world history!,6201f5a8bc4e16e03184ffbf876a14d48eed335ca9a9e94491a108c0a1b302bc
International Energy Agency Projects Renewable Generation to Surpass Coal by 2025,"Global renewable electricity generation capacity is expanding rapidly, with solar photovoltaics and wind installations driving an unprecedented shift in energy infrastructure, according to the International Energy Agency's annual market report. The agency projects that renewable sources will account for over 35% of global power generation within the next eighteen months, overtaking traditional coal-fired facilities. Executive Director Fatih Birol stated that government incentives, falling equipment costs, and energy security initiatives have accelerated deployment worldwide. The report also highlights lingering supply chain bottlenecks and grid interconnection delays in developing economies.",IEA / Bloomberg Energy,1,environment,"global renewable electricity generation capacity is expanding rapidly, with solar photovoltaics and wind installations driving an unprecedented shift in energy infrastructure, according to the international energy agency's annual market report. the agency projects that renewable sources will account for over 35 of global power generation within the next eighteen months, overtaking traditional coal-fired facilities. executive director fatih birol stated that government incentives, falling equipment costs, and energy security initiatives have accelerated deployment worldwide. the report also highlights lingering supply chain bottlenecks and grid interconnection delays in developing economies.",a07a3286a8d00cb092f9ae86eaef08edb204f853356ad0a67542f4162ffacb3e
UN Voted in Secret Session to Confiscate All Privately Owned Vehicles and Enact 15-Minute Prison Cities,"An anonymous military intelligence source has leaked official United Nations treaty documents proving that globalist tyrants have finalized plans to outlaw all gasoline and electric private automobiles by the end of next month! Under the guise of climate lockdowns, citizens will be forcibly relocated into barbed-wire perimeter zones where travel beyond your neighborhood will carry automatic felony charges! Corrupt politicians have already ratified the secret treaty behind closed doors! Spread this urgent truth across all networks before freedom is abolished!",FreedomTruthBomb / Disinformation Blog,0,conspiracy,"an anonymous military intelligence source has leaked official united nations treaty documents proving that globalist tyrants have finalized plans to outlaw all gasoline and electric private automobiles by the end of next month! under the guise of climate lockdowns, citizens will be forcibly relocated into barbed-wire perimeter zones where travel beyond your neighborhood will carry automatic felony charges! corrupt politicians have already ratified the secret treaty behind closed doors! spread this urgent truth across all networks before freedom is abolished!",45423ef7b70938fb1cef791badd86633d2e07747b392cb20202331e32c07f7f2
"Department of Labor Reports 216,000 Jobs Added as Unemployment Holds at 3.7%","Total nonfarm payroll employment rose by 216,000 in December, while the national unemployment rate held steady at 3.7%, the U.S. Bureau of Labor Statistics reported Friday. Job gains occurred primarily in government agencies, healthcare facilities, social assistance programs, and construction sectors. Average hourly earnings for all employees on private nonfarm payrolls rose by 15 cents, or 0.4%, reaching an annualized growth rate of 4.1%. Economists noted that labor force participation showed slight moderation among prime-age workers.",Bureau of Labor Statistics / Financial Times,1,economy,"total nonfarm payroll employment rose by 216,000 in december, while the national unemployment rate held steady at 3.7 , the u.s. bureau of labor statistics reported friday. job gains occurred primarily in government agencies, healthcare facilities, social assistance programs, and construction sectors. average hourly earnings for all employees on private nonfarm payrolls rose by 15 cents, or 0.4 , reaching an annualized growth rate of 4.1 . economists noted that labor force participation showed slight moderation among prime-age workers.",62af0b130624276c1a40021e1e697aa36a8899005c2aff8f95d6a251ee0f2896
Japan Aerospace Exploration Agency Confirms Precision Lunar Landing of SLIM Probe,The Japan Aerospace Exploration Agency confirmed that its Smart Lander for Investigating Moon (SLIM) achieved a precision pinpoint touchdown within 55 meters of its target coordinates on the lunar crater Shioli. Mission telemetry analyzed by flight dynamics teams confirmed that multi-spectral camera observations of olivine-rich rocks were successfully transmitted back to the Sagamihara ground station. Scientists anticipate the geological data will refine models of lunar mantle composition.,JAXA / Scientific Press,1,space,the japan aerospace exploration agency confirmed that its smart lander for investigating moon slim achieved a precision pinpoint touchdown within 55 meters of its target coordinates on the lunar crater shioli. mission telemetry analyzed by flight dynamics teams confirmed that multi-spectral camera observations of olivine-rich rocks were successfully transmitted back to the sagamihara ground station. scientists anticipate the geological data will refine models of lunar mantle composition.,a429680bdc23cd1ec08c9dd1a0a981a6b11107ab85e31db2ebd7c7a4e520baf2
Federal Aviation Administration Mandates Enhanced Inspection Protocols for Commercial Airliners,The Federal Aviation Administration issued an airworthiness directive requiring comprehensive ultrasonic inspections of door plug assemblies and fuselage mounting brackets across domestic passenger aircraft. The safety directive follows a preliminary investigation by the National Transportation Safety Board into an in-flight depressurization event last month. Airlines must complete inspections within 30 days and submit compliance data to the agency's safety management database before returning affected aircraft to scheduled passenger service.,FAA / Wall Street Journal,1,aviation,the federal aviation administration issued an airworthiness directive requiring comprehensive ultrasonic inspections of door plug assemblies and fuselage mounting brackets across domestic passenger aircraft. the safety directive follows a preliminary investigation by the national transportation safety board into an in-flight depressurization event last month. airlines must complete inspections within 30 days and submit compliance data to the agency's safety management database before returning affected aircraft to scheduled passenger service.,46c208dd495daa6598e2a2f6c54419182d5c8df83ada32abe4cb12295d491c59
Supreme Court Hears Oral Arguments on Environmental Protection Agency Regulatory Authority,"The Supreme Court heard oral arguments Tuesday in a dispute concerning the scope of federal regulatory authority under the Clean Water Act. Petitioners argued that the Environmental Protection Agency exceeded statutory limits by designating adjacent wetlands under federal oversight without direct continuous surface connections. In response, government counsel maintained that scientific hydrologic connectivity is necessary to preserve downstream water quality across interstate boundaries. Legal observers noted focused questioning from justices across the ideological spectrum regarding legislative intent and Chevron deference precedents. A decision is expected before the court concludes its current term in June.",Associated Press / Legal Journal,1,politics,"the supreme court heard oral arguments tuesday in a dispute concerning the scope of federal regulatory authority under the clean water act. petitioners argued that the environmental protection agency exceeded statutory limits by designating adjacent wetlands under federal oversight without direct continuous surface connections. in response, government counsel maintained that scientific hydrologic connectivity is necessary to preserve downstream water quality across interstate boundaries. legal observers noted focused questioning from justices across the ideological spectrum regarding legislative intent and chevron deference precedents. a decision is expected before the court concludes its current term in june.",6a9beb919589b7ef809f5602a0920f62f75e37bc1df53c2ca5456a1b993d41e4
BOMBSHELL: Secret Globalist Cabal Caught Poisoning Municipal Water with Mind-Control Nanochips!,SHOCKING EXPOSED PROOF! Whistleblowers have finally leaked classified military documents proving that deep state elites and global billionaires are secretly installing 5G liquid nanotechnology into city water supplies across the nation! They want you sick and compliant! Doctors who tried to expose the horrifying truth have been mysteriously silenced and banned from social media! Look at what they are hiding from you! Wake up before it is too late! Share this breaking alert with everyone before the government blocks this page! It has been 100% proven that every major tap water source contains microscopic robotic transmitters activated by cell phone towers!,ConspiracyEcho / Anonymous Forum,0,conspiracy,shocking exposed proof! whistleblowers have finally leaked classified military documents proving that deep state elites and global billionaires are secretly installing 5g liquid nanotechnology into city water supplies across the nation! they want you sick and compliant! doctors who tried to expose the horrifying truth have been mysteriously silenced and banned from social media! look at what they are hiding from you! wake up before it is too late! share this breaking alert with everyone before the government blocks this page! it has been 100 proven that every major tap water source contains microscopic robotic transmitters activated by cell phone towers!,e7468b6be5b0c437236832c9263c355eb794a0c3f5cbf4671e4e0384cfe154c9
REVEALED: Secret 6G Sub-THz Transmitters Tested in Subway Tunnels to Harvest Human Bio-Energy!,The horrifying truth is finally out! Whistleblower maintenance technicians discovered covert microwave repeater boxes hidden inside subway ventilation tunnels! These experimental antennas beam sub-terahertz radiation into commuting crowds to harvest human vibrational energy for experimental high-tech battery labs! Protect yourself with copper foil shielding before it drains your nervous system!,VibrationalTruthMatrix / Paranoia Blog,0,conspiracy,the horrifying truth is finally out! whistleblower maintenance technicians discovered covert microwave repeater boxes hidden inside subway ventilation tunnels! these experimental antennas beam sub-terahertz radiation into commuting crowds to harvest human vibrational energy for experimental high-tech battery labs! protect yourself with copper foil shielding before it drains your nervous system!,5c178cb54e326d6f82a72ae24916764adc898f98343091eeb3fd8f3abbce8e3f
Scientists Terrified as Earth's Core Stops Spinning and Will Reverse Direction Next Week!,"Catastrophe is imminent! Terrified astrophysicists and geologists have warned that the Earth's molten inner core has come to a dead stop and will begin spinning backwards starting next Tuesday! This terrifying cosmic anomaly will instantly flip Earth's magnetic poles, causing massive worldwide tsunamis, total power grid failure, and catastrophic tectonic collapse! The government already built underground luxury bunkers for politicians while leaving everyday citizens to perish! Prepare your emergency supplies immediately! The end is here!",DoomsdayWatch / Sensationalist Blog,0,science_hoax,"catastrophe is imminent! terrified astrophysicists and geologists have warned that the earth's molten inner core has come to a dead stop and will begin spinning backwards starting next tuesday! this terrifying cosmic anomaly will instantly flip earth's magnetic poles, causing massive worldwide tsunamis, total power grid failure, and catastrophic tectonic collapse! the government already built underground luxury bunkers for politicians while leaving everyday citizens to perish! prepare your emergency supplies immediately! the end is here!",7fd826fc7c50ffd05870c5bd1b7e900eb3d4a726ebbd5dd896e6ef2d8fdc3da3
SHOCKING: Eating Microwave Popcorn Injects Deadly Microscopic Fibers Directly Into Your Brain Tissue!,"Throw away your microwave right now! Independent researchers have confirmed that all commercial microwave popcorn bags are lined with synthetic chemical fibers that vaporize into toxic nanoparticles upon heating! When inhaled, these deadly fibers travel directly through your nasal cavity into your frontal lobe, causing memory loss, chronic brain rot, and personality disintegration! Food safety regulators are taking payoffs to keep quiet!",NaturalDangerDaily / Clickbait,0,health_misinfo,"throw away your microwave right now! independent researchers have confirmed that all commercial microwave popcorn bags are lined with synthetic chemical fibers that vaporize into toxic nanoparticles upon heating! when inhaled, these deadly fibers travel directly through your nasal cavity into your frontal lobe, causing memory loss, chronic brain rot, and personality disintegration! food safety regulators are taking payoffs to keep quiet!",dd1011ace334410ca374b7678303333342301bfdf1d85d099137346d1fac9f5c
Cybersecurity Agency Issues Advisory on Industrial Control System Network Segmentation,The Cybersecurity and Infrastructure Security Agency released an operational directive advising critical infrastructure operators to verify robust network segmentation between corporate networks and industrial control systems. The advisory provides technical indicators of compromise and mitigation strategies against unauthorized lateral movement in operational technology environments.,CISA / Tech Security Wire,1,technology,the cybersecurity and infrastructure security agency released an operational directive advising critical infrastructure operators to verify robust network segmentation between corporate networks and industrial control systems. the advisory provides technical indicators of compromise and mitigation strategies against unauthorized lateral movement in operational technology environments.,e4e9bc1f5c22381f2e66d2142c28678da24973c378c8b63b08c0f1934743a490
International Court of Justice Delivers Maritime Boundary Ruling in Long-Standing Dispute,"The International Court of Justice in The Hague delivered its judgment on the delimitation of the continental shelf and exclusive economic zones between neighboring coastal states. The judicial panel applied equitable principles and geometric equidistance lines in accordance with the United Nations Convention on the Law of the Sea, establishing a binding maritime border.",ICJ / International Legal Review,1,politics,"the international court of justice in the hague delivered its judgment on the delimitation of the continental shelf and exclusive economic zones between neighboring coastal states. the judicial panel applied equitable principles and geometric equidistance lines in accordance with the united nations convention on the law of the sea, establishing a binding maritime border.",e9d58776027f23e27bd4aa584a25cda4cf1be2280f2587fc56c8591d969713f7
LEAKED VIDEO: Pope Francis Endorses Candidate in Historic Unprecedented Election Announcement!,"In a jaw-dropping development that has sent shockwaves through the political establishment, Pope Francis has officially released a video endorsing a presidential candidate, declaring that faithful Christians have a moral obligation to vote for him! Vatican insiders confirmed that the Holy Father broke centuries of neutrality because the election is a cosmic battle between divine light and demonic wickedness! Mainstream media outlets are furiously coordinating a massive blackout to keep the American public in the dark! Watch the suppressed footage right now before it is taken down by corrupt censors!",ViralPatriotPost / Fabricated News,0,politics_fake,"in a jaw-dropping development that has sent shockwaves through the political establishment, pope francis has officially released a video endorsing a presidential candidate, declaring that faithful christians have a moral obligation to vote for him! vatican insiders confirmed that the holy father broke centuries of neutrality because the election is a cosmic battle between divine light and demonic wickedness! mainstream media outlets are furiously coordinating a massive blackout to keep the american public in the dark! watch the suppressed footage right now before it is taken down by corrupt censors!",4f3b7496a7572a5cf62aed684741dacf5a82828f9270614275a7023c8078f818
Agricultural Research Consortium Synthesizes Drought-Tolerant Sorghum Strains for Semiarid Regions,Plant geneticists working within the Consultative Group on International Agricultural Research have developed two drought-resilient sorghum varieties that maintain high grain yield during prolonged dry spells. Field trials in semiarid test plots demonstrated enhanced root architecture and osmotic regulation under limited irrigation conditions.,CGIAR / Agronomy Research,1,science,plant geneticists working within the consultative group on international agricultural research have developed two drought-resilient sorghum varieties that maintain high grain yield during prolonged dry spells. field trials in semiarid test plots demonstrated enhanced root architecture and osmotic regulation under limited irrigation conditions.,776f7af43c56315b5164899ceb156519851fe3e44ac2d528a7d0a0bda62543ff
CONFIRMED: Polar Glaciers Are Not Melting But Actually Growing by Billions of Tons Each Month!,The entire climate narrative has just been blown wide open! Independent satellite imagery analyzed by grassroots researchers proves that polar ice caps are thicker and larger than at any point in the last five hundred years! Climatologists are using thermal filters to doctor satellite photographs and hide the massive ice expansion so they can keep receiving billions in corrupt government research grants!,IceTruthAlliance / Misinformation Blog,0,science_hoax,the entire climate narrative has just been blown wide open! independent satellite imagery analyzed by grassroots researchers proves that polar ice caps are thicker and larger than at any point in the last five hundred years! climatologists are using thermal filters to doctor satellite photographs and hide the massive ice expansion so they can keep receiving billions in corrupt government research grants!,9902e1b82426cfcfb39151c26dd3918a86ba6ec49d18888376bdb5d31077656e
World Meteorological Organization Confirms Record Marine Heatwaves Across Tropical Basins,"Global sea surface temperatures reached anomalous highs across equatorial and sub-tropical ocean basins throughout the summer observation cycle, the World Meteorological Organization announced. Climatologists reported that prolonged thermal stress in ocean waters poses acute risks to coral reef biodiversity and alters regional precipitation patterns worldwide.",WMO / Science Brief,1,environment,"global sea surface temperatures reached anomalous highs across equatorial and sub-tropical ocean basins throughout the summer observation cycle, the world meteorological organization announced. climatologists reported that prolonged thermal stress in ocean waters poses acute risks to coral reef biodiversity and alters regional precipitation patterns worldwide.",2d2fd1e37ae7be810a42fc602364d0e8273978f9c1dca57813848c9d71773d19
World Health Organization Reports Significant Decline in Global Measles Vaccination Gaps,"In a joint assessment released with UNICEF, the World Health Organization reported that routine childhood immunization coverage showed measurable recovery following pandemic-era disruptions. According to the epidemiological bulletin, approximately 84% of children worldwide received at least one dose of the measles vaccine before their second birthday. However, public health officials warned that regional disparities persist, particularly in conflict-affected regions where healthcare infrastructure remains severely strained. Director-General Tedros Adhanom Ghebreyesus stated that sustaining targeted outreach campaigns and cold-chain logistics is vital to preventing resurgence in vulnerable communities.",WHO / Associated Press,1,health,"in a joint assessment released with unicef, the world health organization reported that routine childhood immunization coverage showed measurable recovery following pandemic-era disruptions. according to the epidemiological bulletin, approximately 84 of children worldwide received at least one dose of the measles vaccine before their second birthday. however, public health officials warned that regional disparities persist, particularly in conflict-affected regions where healthcare infrastructure remains severely strained. director-general tedros adhanom ghebreyesus stated that sustaining targeted outreach campaigns and cold-chain logistics is vital to preventing resurgence in vulnerable communities.",aa5f1a8adc058ef4f5f6923dee3f796f4c801938fb39c780010f80fccd82d55e
EXPOSED: Artificial Food Coloring Contains Coded Chemical Markers to Track Citizen Behavior!,Look at what is in your pantry! Leaked corporate emails demonstrate that synthetic food dyes Red 40 and Yellow 5 contain patented luminescent micro-markers that settle into your bloodstream and emit fluorescent signatures visible to overhead satellites! This is how the global surveillance state tracks citizen movement in real time! Throw away all processed groceries and spread this urgent warning!,FoodFreedomResistance / Conspiracy Forum,0,conspiracy,look at what is in your pantry! leaked corporate emails demonstrate that synthetic food dyes red 40 and yellow 5 contain patented luminescent micro-markers that settle into your bloodstream and emit fluorescent signatures visible to overhead satellites! this is how the global surveillance state tracks citizen movement in real time! throw away all processed groceries and spread this urgent warning!,a6385497835b6fb8a341376b593e43c6dc74631c99f141bfb3cba7812dce4191
"Miracle Fruit from the Amazon Completely Cures All Cancers in Just 48 Hours, Big Pharma Panics!","Big Pharma doesn't want you to know about this insane miraculous cure! A secret exotic berry discovered in the deep Amazonian jungle has been proven to eradicate 100% of cancer cells, tumors, and terminal illnesses in less than two days! Greedy corporate doctors and corrupt pharmaceutical executives are desperately lobbying the government to ban this god-given miracle because it will destroy their trillion-dollar chemotherapy racket! Click here now to order your supply before they wipe this website off the internet forever! Clinical tests proved everyone who ate this fruit became completely cancer-free overnight with zero side effects!",MiracleCuresDaily / Clickbait Network,0,health_misinfo,"big pharma doesn't want you to know about this insane miraculous cure! a secret exotic berry discovered in the deep amazonian jungle has been proven to eradicate 100 of cancer cells, tumors, and terminal illnesses in less than two days! greedy corporate doctors and corrupt pharmaceutical executives are desperately lobbying the government to ban this god-given miracle because it will destroy their trillion-dollar chemotherapy racket! click here now to order your supply before they wipe this website off the internet forever! clinical tests proved everyone who ate this fruit became completely cancer-free overnight with zero side effects!",c02a7d1b657476c60fb6524dcb9a046688afbce8d284141b6ffb0b9748ec948f
National Institutes of Health Launches Multi-Center Study on Post-Viral Fatigue Syndromes,The National Institutes of Health has begun enrolling participants in an observational cohort study evaluating autonomic dysfunction and neuroimmune markers in patients with post-viral syndrome. Researchers across six academic medical centers will utilize magnetic resonance spectroscopy and proteomic profiling to identify biological correlates of persistent post-infectious fatigue.,NIH News / Medical Science,1,health,the national institutes of health has begun enrolling participants in an observational cohort study evaluating autonomic dysfunction and neuroimmune markers in patients with post-viral syndrome. researchers across six academic medical centers will utilize magnetic resonance spectroscopy and proteomic profiling to identify biological correlates of persistent post-infectious fatigue.,2902d6b3cff08077f22a8638c5ef4d1eb3b0803f6e2bc7b5660ad7e35a9f49ab
Global Semiconductor Industry Association Reports 12% Expansion in Automotive Microchip Production,"Annual manufacturing statistics compiled by the Semiconductor Industry Association indicate that global fabrication output for automotive-grade power semiconductors expanded 12% year-over-year. Industry analysts attributed the increase to expanded 300mm wafer foundry capacity in East Asia and North America, easing lingering shortages for automotive original equipment manufacturers.",SIA / Financial Times,1,economy,"annual manufacturing statistics compiled by the semiconductor industry association indicate that global fabrication output for automotive-grade power semiconductors expanded 12 year-over-year. industry analysts attributed the increase to expanded 300mm wafer foundry capacity in east asia and north america, easing lingering shortages for automotive original equipment manufacturers.",79172644f7ed57fe3d2346b4c4eb838413c87fd06aff12abce74bdf0b3887bec
URGENT HEALTH HAZARD: Wearing Bluetooth Earbuds Leaks Brain Fluid into Ear Canals!,"Stop wearing wireless headphones right now! Leading holistic doctors have confirmed that 2.4 GHz radio frequencies from bluetooth earbuds heat and liquefy your cerebral fluid, causing it to drip down into your inner ear! Over 50,000 cases of irreversible brain melting have been reported this year alone, but consumer protection agencies are hiding the data because tech monopolies pay their salaries! Switch back to corded headphones today!",BioHarmAlert / Health Hoax,0,health_misinfo,"stop wearing wireless headphones right now! leading holistic doctors have confirmed that 2.4 ghz radio frequencies from bluetooth earbuds heat and liquefy your cerebral fluid, causing it to drip down into your inner ear! over 50,000 cases of irreversible brain melting have been reported this year alone, but consumer protection agencies are hiding the data because tech monopolies pay their salaries! switch back to corded headphones today!",57cd27a25b7141a8a92518721259db81de150ff26eb6d98e3f8215b31fe0484f
"Archaeological Excavation Uncovers 3,000-Year-Old Administrative Complex in Nile Delta","An Egyptian-European archaeological mission working at Tel el-Dabaa has unearthed a significant administrative complex dating to the New Kingdom period. The Egyptian Ministry of Tourism and Antiquities announced the discovery of mudbrick silos, administrative sealings bearing royal cartouches, and imported ceramic wares indicating active trade networks with the Levant. Principal investigator Dr. Mahmoud Afifi noted that stratigraphic analysis confirms the site served as an important grain distribution hub during the Eighteenth Dynasty.",Antiquities Journal / BBC News,1,history,"an egyptian-european archaeological mission working at tel el-dabaa has unearthed a significant administrative complex dating to the new kingdom period. the egyptian ministry of tourism and antiquities announced the discovery of mudbrick silos, administrative sealings bearing royal cartouches, and imported ceramic wares indicating active trade networks with the levant. principal investigator dr. mahmoud afifi noted that stratigraphic analysis confirms the site served as an important grain distribution hub during the eighteenth dynasty.",619509e46525acb8ac6837848adce9582fe284bd8fd7859c4d233052db9c97d8
EXPOSED: Ingesting Colloidal Silver Drops Reverses Biological Aging by 30 Years Overnight!,Big Pharma will do anything to delete this page! A secret underground clinic has proven that taking pure colloidal silver dissolved in spring water repairs human telomeres instantly and reverses 30 years of biological aging in just one day! Billionaires have secretly kept this ancient fountain of youth for themselves while poisoning everyday people with toxic chemical pharmaceuticals! Click here to claim your emergency bottle before the FDA sends federal marshals to shut us down!,SilverMiracleSecrets / Snake Oil Scam,0,health_misinfo,big pharma will do anything to delete this page! a secret underground clinic has proven that taking pure colloidal silver dissolved in spring water repairs human telomeres instantly and reverses 30 years of biological aging in just one day! billionaires have secretly kept this ancient fountain of youth for themselves while poisoning everyday people with toxic chemical pharmaceuticals! click here to claim your emergency bottle before the fda sends federal marshals to shut us down!,69863a79a0df86e58a16ed28826f78ec3ecb771354e8076b453f655e5ff544a9
